strategy,fill_rate,avg_lead_time_days,allocation_cost_usd,holding_cost_usd,stockout_penalty_usd,total_cost_to_serve_usd,estimated_carbon_kg,carbon_intensity_kg_per_allocated_unit,same_region_fulfillment_rate,cross_region_fulfillment_rate
Speed-first,0.2912432642570975,1.5945945945945945,85861.41604,201426.1067,8576559.51,8863847.03274,6654.085,0.24672172784575455,0.7027027027027027,0.29729729729729726
Cost-first,0.2912432642570975,1.5945945945945945,85861.41604,201426.1067,8576559.51,8863847.03274,6654.085,0.24672172784575455,0.7027027027027027,0.29729729729729726
Carbon-first,0.2912432642570975,1.5945945945945945,85861.41604,201426.1067,8576559.51,8863847.03274,6654.085,0.24672172784575455,0.7027027027027027,0.29729729729729726
Balanced,0.2912432642570975,1.5945945945945945,85861.41604,201426.1067,8576559.51,8863847.03274,6654.085,0.24672172784575455,0.7027027027027027,0.29729729729729726
