strategy,scenarios_tested,avg_constraints_passed,min_fill_rate,max_lead_time_days,max_cost_to_serve_usd,max_estimated_carbon_kg
Balanced,6,3.3333333333333335,0.1959645529842446,1.851851851851852,11060741.859793304,5936.993773199999
Carbon-first,6,3.1666666666666665,0.1858632873665,1.59375,11100427.389567392,5095.559527380001
Speed-first,6,2.3333333333333335,0.2101063248490869,2.28125,11064167.302524278,9412.708603200002
Cost-first,6,0.6666666666666666,0.1899037936135978,3.323529411764706,11055084.531138828,12745.9675686
