strategy,required_units,allocated_units,fill_rate,avg_lead_time_days,allocation_cost_usd,holding_cost_usd,lane_service_penalty_proxy_usd,stockout_penalty_usd,total_cost_to_serve_usd,estimated_carbon_kg,same_region_fulfillment_rate,cross_region_fulfillment_rate,carbon_intensity_kg_per_allocated_unit,service_score_norm,speed_score_norm,cost_score_norm,carbon_score_norm,same_region_score_norm,executive_score
Carbon-first,92603.0,22827.04,0.2465043249138797,1.588235294117647,92930.7789405801,158838.18790000005,2326.1768,9205092.125,9459187.26864058,4883.685119460001,0.6764705882352942,0.32352941176470584,0.21394298689010932,0.8846153846153845,1.0,0.9560297089869889,1.0,1.0,0.9508213264127825
Balanced,92603.0,24067.64,0.25990129909398185,1.7714285714285714,96870.4540296742,173239.4286,2471.5663400000003,9078036.105,9350617.553969674,5936.993773199999,0.6571428571428571,0.34285714285714286,0.24667951544895964,0.9326923076923076,0.896584440227704,0.9671301386775992,0.8225855215656944,0.9714285714285714,0.9122737563579358
Speed-first,92603.0,25804.480000000003,0.2786570629461249,2.2777777777777777,99110.79940788411,189265.76964399999,2725.98264,8752161.5,9043264.051691884,9412.708603200002,0.2777777777777778,0.7222222222222222,0.36477032682696964,1.0,0.697274031563845,1.0,0.518839510000311,0.4106280193236715,0.8137541092790148
Cost-first,92603.0,23323.28,0.25186311458592053,3.323529411764706,63404.79800227798,166124.23169999997,2631.24808,9204347.765,9436508.042782279,12734.3393436,0.029411764705882353,0.9705882352941176,0.5459926452711626,0.9038461538461536,0.47787610619469023,0.9583273824059128,0.38350518135944245,0.043478260869565216,0.6824618008816412
