region,wmape,rmse,n_rows
Central,11.558704132884927,5.116892845464694,525
East,10.974394017677183,4.9643719656842675,525
North,9.739406484096014,5.062709474350635,525
South,12.617323965144312,5.274067526022298,525
West,10.789701540819701,5.395666976583375,525
