category,wmape,rmse,n_rows
Beauty,11.288408661349807,5.739728626920733,210
Electronics,9.691074726908642,5.588674277669505,945
Home,11.65178628276696,4.806025521898388,315
Kitchen,11.566452092694638,4.855074730719306,315
Pet,11.709472096519297,4.374865066627345,315
Toys,13.636185165388518,4.950199069249166,525
