warehouse_id,current_stock_units,replenishment_needed_units,replenishment_cost_usd,daily_holding_cost_usd,safety_stock_units,safety_stock_value_usd,warehouse_capacity_units,warehouse_utilization_proxy
WH-C100000,2730.0,797.0,46700.759999999995,13.8334,301.06,20196.98,3003.0,0.9090909090909091
WH-E100000,4383.0,2232.0,173627.86,20.2338,422.77,29541.25,4821.0,0.9091474797759801
WH-N100000,5482.0,1861.0,154188.11,19.8289,419.68,28950.39,6030.0,0.9091210613598674
WH-S100000,6570.0,2321.0,179126.76,25.5098,545.71,37244.39,7227.0,0.9090909090909091
WH-W100000,7805.0,3057.0,227207.29,28.328500000000002,621.3,41359.59,8586.0,0.9090379687863964
